"population_group","perc_total_female","perc_total_male","perc_total_female_60","perc_total_male_60","perc_total_female_18_59","perc_total_male_18_59","perc_total_female_6_17","perc_total_male_6_17","perc_total_females_05","perc_total_males_05","verif1","verif2","repeat.var.value"
"IDP",0.474407413317585,0.525592586682415,0.0187163049035567,0.0172472761002055,0.156149425731244,0.155870716117131,0.180673234429888,0.21161004440614,0.118868448252896,0.140864550058938,1,1,"national"
"not_displaced",0.470002639963218,0.529997360036782,0.0183676545839475,0.0191902821662856,0.180089033325095,0.180933039198599,0.173042930354732,0.207766926354577,0.0985030216994439,0.122107112317321,1,1,"national"
"IDP",0.481061263161934,0.518938736838066,0.0184806433170457,0.0176196198721431,0.144760950093744,0.136439495874079,0.21119056868715,0.247050446406426,0.106629101063994,0.117829174685418,1,1,"banadir"
"not_displaced",0.495026692437013,0.504973307562987,0.0226247186684948,0.0274042311371372,0.149740172438715,0.145795744818546,0.218820247469026,0.227809429597192,0.103841553860777,0.103963902010112,1,1,"banadir"
"IDP",0.500890240756367,0.499109759243633,0.0176073420533214,0.0141370526122676,0.184261091050079,0.168285576161502,0.186700111115978,0.179128321403742,0.112321696536989,0.137558809066123,1,1,"somaliland"
"not_displaced",0.470625088985654,0.529374911014346,0.0166863256312353,0.0146218524795602,0.197811935867383,0.194502314164756,0.167922996085486,0.208058816581738,0.08820383140155,0.112191927788292,1,1,"somaliland"
