"repeat.var.value","independent.var.value","pev_score__1","pev_score__2","pev_score__3","edu_score__1","edu_score__2","edu_score__3","edu_score__4","nut_score__1","nut_score__2","nut_score__3","nut_score__4","health_score__1","health_score__2","health_score__3","health_score__4","snfi_score__1","snfi_score__2","snfi_score__3","snfi_score__4"
"national","IDP",0.0401382314954497,0.341079659014193,0.618782109490357,0.462442431947589,0.497408993307748,0.0401250055843094,2.35691603535341e-05,0.270898876037327,0.373147471076388,0.333389958010827,0.0225636948754576,0.656274202176641,0.328014348380895,0.0156737211969726,3.77282454912915e-05,0.0999831785651469,0.556293740467812,0.339961734258639,0.00376134670840233
"national","not_displaced",0.0547362888418379,0.773270928902805,0.171992782255357,0.619788000360237,0.351581763134284,0.0286278401736596,2.39633181931884e-06,0.324223910514756,0.36178639408256,0.29060055891888,0.0233891364838045,0.748986099005183,0.240734175983811,0.010156484745464,0.000123240265542659,0.225364451835379,0.613375703249669,0.160610754253904,0.0006490906610479
